"","file"
"1","C:/Users/rodri/OneDrive/Documentos/DOCTORADO/Paper Flins Inske Datos/Redes/output/brunson_club-membership_modularity_results.csv"
"2","C:/Users/rodri/OneDrive/Documentos/DOCTORADO/Paper Flins Inske Datos/Redes/output/brunson_corporate-leadership_modularity_results.csv"
"3","C:/Users/rodri/OneDrive/Documentos/DOCTORADO/Paper Flins Inske Datos/Redes/output/brunson_revolution_modularity_results.csv"
"4","C:/Users/rodri/OneDrive/Documentos/DOCTORADO/Paper Flins Inske Datos/Redes/output/brunson_south-africa_modularity_results.csv"
"5","C:/Users/rodri/OneDrive/Documentos/DOCTORADO/Paper Flins Inske Datos/Redes/output/brunson_southern-women_modularity_results.csv"
"6","C:/Users/rodri/OneDrive/Documentos/DOCTORADO/Paper Flins Inske Datos/Redes/output/contiguous-usa_modularity_results.csv"
"7","C:/Users/rodri/OneDrive/Documentos/DOCTORADO/Paper Flins Inske Datos/Redes/output/dbpedia-similar_modularity_results.csv"
"8","C:/Users/rodri/OneDrive/Documentos/DOCTORADO/Paper Flins Inske Datos/Redes/output/dimacs10-chesapeake_modularity_results.csv"
"9","C:/Users/rodri/OneDrive/Documentos/DOCTORADO/Paper Flins Inske Datos/Redes/output/dimacs10-polbooks_modularity_results.csv"
"10","C:/Users/rodri/OneDrive/Documentos/DOCTORADO/Paper Flins Inske Datos/Redes/output/dolphins_modularity_results.csv"
"11","C:/Users/rodri/OneDrive/Documentos/DOCTORADO/Paper Flins Inske Datos/Redes/output/edit-aawikibooks_modularity_results.csv"
"12","C:/Users/rodri/OneDrive/Documentos/DOCTORADO/Paper Flins Inske Datos/Redes/output/edit-aawiktionary_modularity_results.csv"
"13","C:/Users/rodri/OneDrive/Documentos/DOCTORADO/Paper Flins Inske Datos/Redes/output/edit-akwikibooks_modularity_results.csv"
"14","C:/Users/rodri/OneDrive/Documentos/DOCTORADO/Paper Flins Inske Datos/Redes/output/edit-akwiktionary_modularity_results.csv"
"15","C:/Users/rodri/OneDrive/Documentos/DOCTORADO/Paper Flins Inske Datos/Redes/output/edit-alswikiquote_modularity_results.csv"
"16","C:/Users/rodri/OneDrive/Documentos/DOCTORADO/Paper Flins Inske Datos/Redes/output/edit-aswikibooks_modularity_results.csv"
"17","C:/Users/rodri/OneDrive/Documentos/DOCTORADO/Paper Flins Inske Datos/Redes/output/edit-aswiktionary_modularity_results.csv"
"18","C:/Users/rodri/OneDrive/Documentos/DOCTORADO/Paper Flins Inske Datos/Redes/output/edit-avwiktionary_modularity_results.csv"
"19","C:/Users/rodri/OneDrive/Documentos/DOCTORADO/Paper Flins Inske Datos/Redes/output/edit-bhwiktionary_modularity_results.csv"
"20","C:/Users/rodri/OneDrive/Documentos/DOCTORADO/Paper Flins Inske Datos/Redes/output/edit-biwikibooks_modularity_results.csv"
"21","C:/Users/rodri/OneDrive/Documentos/DOCTORADO/Paper Flins Inske Datos/Redes/output/edit-bmwikibooks_modularity_results.csv"
"22","C:/Users/rodri/OneDrive/Documentos/DOCTORADO/Paper Flins Inske Datos/Redes/output/edit-bmwiktionary_modularity_results.csv"
"23","C:/Users/rodri/OneDrive/Documentos/DOCTORADO/Paper Flins Inske Datos/Redes/output/edit-bowikibooks_modularity_results.csv"
"24","C:/Users/rodri/OneDrive/Documentos/DOCTORADO/Paper Flins Inske Datos/Redes/output/edit-bowiktionary_modularity_results.csv"
"25","C:/Users/rodri/OneDrive/Documentos/DOCTORADO/Paper Flins Inske Datos/Redes/output/edit-chwikibooks_modularity_results.csv"
"26","C:/Users/rodri/OneDrive/Documentos/DOCTORADO/Paper Flins Inske Datos/Redes/output/edit-chwiktionary_modularity_results.csv"
"27","C:/Users/rodri/OneDrive/Documentos/DOCTORADO/Paper Flins Inske Datos/Redes/output/edit-crwiktionary_modularity_results.csv"
"28","C:/Users/rodri/OneDrive/Documentos/DOCTORADO/Paper Flins Inske Datos/Redes/output/edit-dzwiktionary_modularity_results.csv"
"29","C:/Users/rodri/OneDrive/Documentos/DOCTORADO/Paper Flins Inske Datos/Redes/output/edit-gnwikibooks_modularity_results.csv"
"30","C:/Users/rodri/OneDrive/Documentos/DOCTORADO/Paper Flins Inske Datos/Redes/output/edit-gotwikibooks_modularity_results.csv"
"31","C:/Users/rodri/OneDrive/Documentos/DOCTORADO/Paper Flins Inske Datos/Redes/output/edit-guwikibooks_modularity_results.csv"
"32","C:/Users/rodri/OneDrive/Documentos/DOCTORADO/Paper Flins Inske Datos/Redes/output/edit-htwikisource_modularity_results.csv"
"33","C:/Users/rodri/OneDrive/Documentos/DOCTORADO/Paper Flins Inske Datos/Redes/output/edit-kjwiki_modularity_results.csv"
"34","C:/Users/rodri/OneDrive/Documentos/DOCTORADO/Paper Flins Inske Datos/Redes/output/edit-kkwikiquote_modularity_results.csv"
"35","C:/Users/rodri/OneDrive/Documentos/DOCTORADO/Paper Flins Inske Datos/Redes/output/edit-knwikibooks_modularity_results.csv"
"36","C:/Users/rodri/OneDrive/Documentos/DOCTORADO/Paper Flins Inske Datos/Redes/output/edit-krwikiquote_modularity_results.csv"
"37","C:/Users/rodri/OneDrive/Documentos/DOCTORADO/Paper Flins Inske Datos/Redes/output/edit-kswikibooks_modularity_results.csv"
"38","C:/Users/rodri/OneDrive/Documentos/DOCTORADO/Paper Flins Inske Datos/Redes/output/edit-kswikiquote_modularity_results.csv"
"39","C:/Users/rodri/OneDrive/Documentos/DOCTORADO/Paper Flins Inske Datos/Redes/output/edit-lbwikibooks_modularity_results.csv"
"40","C:/Users/rodri/OneDrive/Documentos/DOCTORADO/Paper Flins Inske Datos/Redes/output/edit-lnwikibooks_modularity_results.csv"
"41","C:/Users/rodri/OneDrive/Documentos/DOCTORADO/Paper Flins Inske Datos/Redes/output/edit-mhwiktionary_modularity_results.csv"
"42","C:/Users/rodri/OneDrive/Documentos/DOCTORADO/Paper Flins Inske Datos/Redes/output/edit-miwikibooks_modularity_results.csv"
"43","C:/Users/rodri/OneDrive/Documentos/DOCTORADO/Paper Flins Inske Datos/Redes/output/edit-muswiki_modularity_results.csv"
"44","C:/Users/rodri/OneDrive/Documentos/DOCTORADO/Paper Flins Inske Datos/Redes/output/edit-mywikibooks_modularity_results.csv"
"45","C:/Users/rodri/OneDrive/Documentos/DOCTORADO/Paper Flins Inske Datos/Redes/output/edit-nahwikibooks_modularity_results.csv"
"46","C:/Users/rodri/OneDrive/Documentos/DOCTORADO/Paper Flins Inske Datos/Redes/output/edit-ndswikibooks_modularity_results.csv"
"47","C:/Users/rodri/OneDrive/Documentos/DOCTORADO/Paper Flins Inske Datos/Redes/output/edit-pswikibooks_modularity_results.csv"
"48","C:/Users/rodri/OneDrive/Documentos/DOCTORADO/Paper Flins Inske Datos/Redes/output/edit-quwikibooks_modularity_results.csv"
"49","C:/Users/rodri/OneDrive/Documentos/DOCTORADO/Paper Flins Inske Datos/Redes/output/edit-rmwikibooks_modularity_results.csv"
"50","C:/Users/rodri/OneDrive/Documentos/DOCTORADO/Paper Flins Inske Datos/Redes/output/edit-rmwiktionary_modularity_results.csv"
"51","C:/Users/rodri/OneDrive/Documentos/DOCTORADO/Paper Flins Inske Datos/Redes/output/edit-rnwiktionary_modularity_results.csv"
"52","C:/Users/rodri/OneDrive/Documentos/DOCTORADO/Paper Flins Inske Datos/Redes/output/edit-scwiktionary_modularity_results.csv"
"53","C:/Users/rodri/OneDrive/Documentos/DOCTORADO/Paper Flins Inske Datos/Redes/output/edit-sewikibooks_modularity_results.csv"
"54","C:/Users/rodri/OneDrive/Documentos/DOCTORADO/Paper Flins Inske Datos/Redes/output/edit-snwiktionary_modularity_results.csv"
"55","C:/Users/rodri/OneDrive/Documentos/DOCTORADO/Paper Flins Inske Datos/Redes/output/edit-swwikibooks_modularity_results.csv"
"56","C:/Users/rodri/OneDrive/Documentos/DOCTORADO/Paper Flins Inske Datos/Redes/output/edit-tkwikiquote_modularity_results.csv"
"57","C:/Users/rodri/OneDrive/Documentos/DOCTORADO/Paper Flins Inske Datos/Redes/output/edit-towiktionary_modularity_results.csv"
"58","C:/Users/rodri/OneDrive/Documentos/DOCTORADO/Paper Flins Inske Datos/Redes/output/edit-ttwikiquote_modularity_results.csv"
"59","C:/Users/rodri/OneDrive/Documentos/DOCTORADO/Paper Flins Inske Datos/Redes/output/edit-twwiktionary_modularity_results.csv"
"60","C:/Users/rodri/OneDrive/Documentos/DOCTORADO/Paper Flins Inske Datos/Redes/output/edit-ugwikibooks_modularity_results.csv"
"61","C:/Users/rodri/OneDrive/Documentos/DOCTORADO/Paper Flins Inske Datos/Redes/output/edit-ugwikiquote_modularity_results.csv"
"62","C:/Users/rodri/OneDrive/Documentos/DOCTORADO/Paper Flins Inske Datos/Redes/output/edit-vowikiquote_modularity_results.csv"
"63","C:/Users/rodri/OneDrive/Documentos/DOCTORADO/Paper Flins Inske Datos/Redes/output/edit-wawikibooks_modularity_results.csv"
"64","C:/Users/rodri/OneDrive/Documentos/DOCTORADO/Paper Flins Inske Datos/Redes/output/edit-xhwikibooks_modularity_results.csv"
"65","C:/Users/rodri/OneDrive/Documentos/DOCTORADO/Paper Flins Inske Datos/Redes/output/edit-xhwiktionary_modularity_results.csv"
"66","C:/Users/rodri/OneDrive/Documentos/DOCTORADO/Paper Flins Inske Datos/Redes/output/edit-yowiktionary_modularity_results.csv"
"67","C:/Users/rodri/OneDrive/Documentos/DOCTORADO/Paper Flins Inske Datos/Redes/output/edit-zawikibooks_modularity_results.csv"
"68","C:/Users/rodri/OneDrive/Documentos/DOCTORADO/Paper Flins Inske Datos/Redes/output/gene_fusion_modularity_results.csv"
"69","C:/Users/rodri/OneDrive/Documentos/DOCTORADO/Paper Flins Inske Datos/Redes/output/hiv_modularity_results.csv"
"70","C:/Users/rodri/OneDrive/Documentos/DOCTORADO/Paper Flins Inske Datos/Redes/output/iceland_modularity_results.csv"
"71","C:/Users/rodri/OneDrive/Documentos/DOCTORADO/Paper Flins Inske Datos/Redes/output/league-be1-2016_modularity_results.csv"
"72","C:/Users/rodri/OneDrive/Documentos/DOCTORADO/Paper Flins Inske Datos/Redes/output/league-de1-2016_modularity_results.csv"
"73","C:/Users/rodri/OneDrive/Documentos/DOCTORADO/Paper Flins Inske Datos/Redes/output/league-fr1-2016_modularity_results.csv"
"74","C:/Users/rodri/OneDrive/Documentos/DOCTORADO/Paper Flins Inske Datos/Redes/output/league-uk1-2013_modularity_results.csv"
"75","C:/Users/rodri/OneDrive/Documentos/DOCTORADO/Paper Flins Inske Datos/Redes/output/maayan-pdzbase_modularity_results.csv"
"76","C:/Users/rodri/OneDrive/Documentos/DOCTORADO/Paper Flins Inske Datos/Redes/output/moreno_beach_modularity_results.csv"
"77","C:/Users/rodri/OneDrive/Documentos/DOCTORADO/Paper Flins Inske Datos/Redes/output/moreno_bison_modularity_results.csv"
"78","C:/Users/rodri/OneDrive/Documentos/DOCTORADO/Paper Flins Inske Datos/Redes/output/moreno_hens_modularity_results.csv"
"79","C:/Users/rodri/OneDrive/Documentos/DOCTORADO/Paper Flins Inske Datos/Redes/output/moreno_highschool_modularity_results.csv"
"80","C:/Users/rodri/OneDrive/Documentos/DOCTORADO/Paper Flins Inske Datos/Redes/output/moreno_innovation_modularity_results.csv"
"81","C:/Users/rodri/OneDrive/Documentos/DOCTORADO/Paper Flins Inske Datos/Redes/output/moreno_kangaroo_modularity_results.csv"
"82","C:/Users/rodri/OneDrive/Documentos/DOCTORADO/Paper Flins Inske Datos/Redes/output/moreno_lesmis_modularity_results.csv"
"83","C:/Users/rodri/OneDrive/Documentos/DOCTORADO/Paper Flins Inske Datos/Redes/output/moreno_mac_modularity_results.csv"
"84","C:/Users/rodri/OneDrive/Documentos/DOCTORADO/Paper Flins Inske Datos/Redes/output/moreno_seventh_modularity_results.csv"
"85","C:/Users/rodri/OneDrive/Documentos/DOCTORADO/Paper Flins Inske Datos/Redes/output/moreno_sheep_modularity_results.csv"
"86","C:/Users/rodri/OneDrive/Documentos/DOCTORADO/Paper Flins Inske Datos/Redes/output/moreno_taro_modularity_results.csv"
"87","C:/Users/rodri/OneDrive/Documentos/DOCTORADO/Paper Flins Inske Datos/Redes/output/moreno_zebra_modularity_results.csv"
"88","C:/Users/rodri/OneDrive/Documentos/DOCTORADO/Paper Flins Inske Datos/Redes/output/opsahl-southernwomen_modularity_results.csv"
"89","C:/Users/rodri/OneDrive/Documentos/DOCTORADO/Paper Flins Inske Datos/Redes/output/subelj_euroroad_modularity_results.csv"
"90","C:/Users/rodri/OneDrive/Documentos/DOCTORADO/Paper Flins Inske Datos/Redes/output/ucidata-gama_modularity_results.csv"
